title,timestamp,Positive,Neutral,Negative,Close
if everyone buys and holds gme does that mean we own gamestop now,2021-01-28,1e-06,1.000001,1e-06,48.400001525878906
i didnknow about gamestop until it was to late whats our next mission,2021-01-28,1e-06,1.000001,1e-06,48.400001525878906
canlook up gamestop,2021-01-28,1e-06,1.000001,1e-06,48.400001525878906
short sellers made billions froms tech selloff gamestop inflicts losses ortex,2021-01-28,1e-06,0.7870010000000001,0.213001,48.400001525878906
short sellers made 3 6 bln in profits so far this week on gamestop shares after losing 12 5 bln in jan ortex data gme,2021-01-28,0.191001,0.712001,0.097001,48.400001525878906
the world is with you canstop wonstop gamestop,2021-01-28,1e-06,1.000001,1e-06,48.400001525878906
gamestop your buildpc workshop,2021-01-28,1e-06,1.000001,1e-06,48.400001525878906
i just bought 20 more gamestop shares,2021-01-28,0.331001,0.6690010000000001,1e-06,48.400001525878906
reutersp lifts gamestop credit rating helping push intocommerce,2021-01-28,0.444001,0.5560010000000001,1e-06,48.400001525878906
we got gamestop to the holy numbers time to take nok to the moon,2021-01-28,1e-06,1.000001,1e-06,48.400001525878906
robinhood app hit with class action suit after trying to shut down gamestop uprising,2021-01-28,1e-06,1.000001,1e-06,48.400001525878906
omg gamestop went on sale this morning,2021-01-28,1e-06,1.000001,1e-06,48.400001525878906
australian mining stock surges after being mistaken for gamestop,2021-01-28,1e-06,0.762001,0.238001,48.400001525878906
canstop wonstop gamestop,2021-01-28,1e-06,1.000001,1e-06,48.400001525878906
saagar enjeti is speaking up for us again wall street elites regulate deplatform redditors who beat them on gamestop rising the hill,2021-01-28,1e-06,1.000001,1e-06,48.400001525878906
litvinjenko canstop wonstop gamestop,2021-01-28,1e-06,1.000001,1e-06,48.400001525878906
can tstop won tstop gamestop,2021-01-28,0.48100099999999996,0.519001,1e-06,48.400001525878906
to my gamestop ogswrote this rap for you and dedicated 1 to dfv on the eve of his great battle we all with him 100 this is my love to share withall,2021-01-28,0.321001,0.618001,0.062001,48.400001525878906
kevinleary live now thinkssecond kick of life is coming to gamestop says ifwas short that stock right nowwould be worried,2021-01-28,1e-06,0.896001,0.104001,48.400001525878906
robinhood insider alleges white house pressured company to close gamestop trades lawsuit filed,2021-01-28,1e-06,0.743001,0.257001,48.400001525878906
you cant search gamestop shut robinhood down,2021-01-28,1e-06,1.000001,1e-06,48.400001525878906
for the eighth consecutive year gamestop gme earns top marks in human rights campaigncorporate equality index,2021-01-28,0.107001,0.893001,1e-06,48.400001525878906
congress hears testimony again on gamestop focusing on the financial plumbing behind the frenzy,2021-01-28,1e-06,0.850001,0.150001,48.400001525878906
the future of gamestop,2021-01-28,1e-06,1.000001,1e-06,48.400001525878906
gamestop gains,2021-01-29,0.706001,0.29400099999999996,1e-06,81.25
ironicallyd love to be buying gamestop at this price right now,2021-01-29,0.29600099999999996,0.704001,1e-06,81.25
amc soars and this time gamestop follows as meme stocks get squeezed hard,2021-01-29,1e-06,0.896001,0.104001,81.25
mark cuban dave portnoy aoc and others react to robinhood restricting trades on gamestop and amc,2021-01-29,1e-06,0.852001,0.148001,81.25
gamestop fiasco could lead to new rules on short selling options the commission is always concerned with the impact of significant volatility that is not explained by apparent market fundamentals lol,2021-01-29,0.128001,0.780001,0.092001,81.25
mgm acquires movie rights to book on gamestophedge funds saga,2021-01-29,1e-06,1.000001,1e-06,81.25
why gamestopphysical business model is not as dead as people make it out to be,2021-01-29,0.197001,0.8030010000000001,1e-06,81.25
gamestop plans to sell 1 265 billion worth of shares in 2021,2021-01-29,0.313001,0.6870010000000001,1e-06,81.25
gamestop shares hold steady as regulators meet to discuss reddit stock rally,2021-01-29,0.167001,0.833001,1e-06,81.25
not to get into conspiracies but vlad is full of shit in gamestopped on hulu,2021-01-29,1e-06,0.741001,0.259001,81.25
robinhood is selling peoplegamestop shares without their consent,2021-01-29,0.223001,0.608001,0.169001,81.25
forbes on twitter keith gillbelieve that gamestop has the potential to reinvent itself as the ultimate destination for gamers within the rapidly growing 200 billion gaming industry,2021-01-29,0.061001,0.939001,1e-06,81.25
i jumped on the switch donation bandwagon itnotlot becausehavensold yetm in australia and bought this from eb games owned by gamestop and donated it to the queensland childrenhospital there will belot more coming their way after the squeeze hold,2021-01-29,1e-06,1.000001,1e-06,81.25
gamestop gme plans to expand into pc gaming monitor gaming tv sales,2021-01-29,0.173001,0.827001,1e-06,81.25
ryan cohen aims to turn gamestop into the chewy of gaming,2021-01-29,1e-06,1.000001,1e-06,81.25
for the non americans did you realize gamestop owns eb games thinkgeek and micromania zing,2021-01-29,1e-06,1.000001,1e-06,81.25
whenm gamestop,2021-01-29,1e-06,1.000001,1e-06,81.25
gme volume price and gamestop news catalysts,2021-01-29,1e-06,1.000001,1e-06,81.25
gamestop pre market right now,2021-01-29,1e-06,1.000001,1e-06,81.25
ft gamestopwild ride how redditors took on wall street,2021-01-29,1e-06,1.000001,1e-06,81.25
ryan cohen convice gamestop to buy valve now,2021-01-29,1e-06,1.000001,1e-06,81.25
robinhood slims restricted list to 8 stocks but users can still only buy 1 share of gamestop,2021-01-29,0.159001,0.739001,0.102001,81.25
we passed the moon and are heading to that place in the pic seems awesome canstop wonstop gamestop itall about the cause and staying broke,2021-01-29,0.137001,0.769001,0.094001,81.25
is it too late to buy gamestop shares,2021-01-29,0.239001,0.761001,1e-06,81.25
what is happening with gamestop and the stock market,2021-01-29,1e-06,1.000001,1e-06,81.25
letsupport gamestop not just as shareholders but as consumers,2021-01-29,1e-06,1.000001,1e-06,81.25
gamestop heavy etf shrinks sharply amid redemptions is this it,2021-01-29,1e-06,1.000001,1e-06,81.25
i went to bed early last night and awoke to this commotion about robinhood amc gamestop etc this post might get taken down but what the hell is going on,2021-01-29,1e-06,0.814001,0.186001,81.25
where people fromk can buy gamestop,2021-01-29,1e-06,1.000001,1e-06,81.25
i went to the gamestop website to see who owned how many shares,2021-01-29,0.167001,0.833001,1e-06,81.25
i madereal silver gamestop logo to remember the good and the bad,2021-01-29,0.188001,0.584001,0.227001,81.25
buy games at gamestop donate to charity not goodwill,2021-01-29,0.259001,0.741001,1e-06,81.25
melvin capital lost 53 in january hurt by gamestop and other bets,2021-01-29,1e-06,0.637001,0.36300099999999996,81.25
confused about the gamestop stock situation herean explainer we plagiarized wholesale from polygon because we donget it either,2021-01-29,1e-06,0.881001,0.119001,81.25
remember to spend some of your loot at gamestop,2021-01-29,1e-06,1.000001,1e-06,81.25
interactive brokers and robinhood blocked gamestop is it legal within tos,2021-01-29,0.119001,0.714001,0.167001,81.25
buy gamestop 190 it can only go up,2021-01-29,1e-06,1.000001,1e-06,81.25
gamestop and others are not just listed on the us stock exchange,2021-01-29,1e-06,1.000001,1e-06,81.25
my starting weight this year is my number of shares which gamestop location doown now,2021-01-29,0.212001,0.7880010000000001,1e-06,81.25
gme holders you are an owner ofportion to gamestop what are you going to do,2021-01-29,1e-06,1.000001,1e-06,81.25
trading 212 only allowing selling of gamestop shares to protect their customers,2021-01-29,0.324001,0.6760010000000001,1e-06,81.25
is therechance robinhood will let you buy gamestop ever again,2021-01-29,1e-06,1.000001,1e-06,81.25
i donunderstand this sub why are you guys buying in gamestop when steam is way better,2021-01-29,0.172001,0.828001,1e-06,81.25
i tried to post this when gme blew past 300 but videos were banned bane buys gamestop,2021-01-29,1e-06,0.7890010000000001,0.211001,81.25
gamestop names amazonelliott wilke as chief growth officer,2021-01-29,0.271001,0.729001,1e-06,81.25
wallstreetbets before and after gamestop,2021-01-29,1e-06,1.000001,1e-06,81.25
on october 26 2008 porsche announced their 74 1 stake in vw 5 days later the squeeze peaked now gamestop,2021-01-29,1e-06,1.000001,1e-06,81.25
gamestop appoints matt furlong to board of directors,2021-01-29,1e-06,1.000001,1e-06,81.25
gamestop bear thesis,2021-01-29,1e-06,1.000001,1e-06,81.25
ilike to buy some shares of gamestop where dogos,2021-01-29,0.216001,0.7840010000000001,1e-06,81.25
you ve got to havecop on the beat elizabeth warren slams sec over gamestop chaos,2021-01-29,1e-06,0.7910010000000001,0.209001,81.25
the gamestop and other meme stocks bounce is coming as reddit traders hold the line business insider,2021-01-29,1e-06,1.000001,1e-06,81.25
gamestop digital farm animalsking bach,2021-01-29,1e-06,1.000001,1e-06,81.25
next gamestop rycey rolls royce,2021-01-29,1e-06,1.000001,1e-06,81.25
gamestop becoming the meme currency by this point,2021-01-29,1e-06,1.000001,1e-06,81.25
gamestop wonstop are forever,2021-01-29,1e-06,1.000001,1e-06,81.25
imakingwolf of wall street big short parody about gamestop and wall street right now and we re releasing it this weekend,2021-01-29,1e-06,1.000001,1e-06,81.25
how the gamestop saga threatens robinhood,2021-01-29,1e-06,0.6580010000000001,0.342001,81.25
paidbenjamin forward to the first employee opening gamestop today,2021-01-29,1e-06,1.000001,1e-06,81.25
yeahdid that in like 10 minutes on gamestop go fuck yourself ackman,2021-01-29,0.156001,0.625001,0.219001,81.25
what are your opinions on hulugamestopped documentary,2021-01-29,1e-06,1.000001,1e-06,81.25
retail investors lost 11x of what hedge fund lost how much you lost in gamestop,2021-01-29,1e-06,0.635001,0.36500099999999996,81.25
robinhood to allow buying fractional shares of gamestop amc,2021-01-29,0.36900099999999997,0.631001,1e-06,81.25
gamestop names matt furlong as ceo,2021-01-29,1e-06,1.000001,1e-06,81.25
learn from this gamestop experience,2021-01-29,1e-06,1.000001,1e-06,81.25
some lighthearted stuff about the gamestop situation,2021-01-29,0.318001,0.6820010000000001,1e-06,81.25
gamestop stock reddit picks rebound as mark cuban sees more short squeezes,2021-01-29,1e-06,1.000001,1e-06,81.25
legend of the gamestop short squeeze,2021-01-29,1e-06,1.000001,1e-06,81.25
for the eighth consecutive year gamestop earns 100 on the human rights campaign foundationannual assessment of lgbtq workplace equality index,2021-01-29,1e-06,1.000001,1e-06,81.25
gamestop fun turns serious for redditwallstreetbets,2021-01-29,0.384001,0.465001,0.151001,81.25
my gamestop winning strategy,2021-01-29,0.5310010000000001,0.46900099999999995,1e-06,81.25
takeaways from the second gamestop hearing in the house pfof hedge fund risk whose fault was the rh trade halt,2021-01-29,1e-06,0.7890010000000001,0.211001,81.25
gamestop raises 551 million to acceleratecommerce push shares jump,2021-01-29,0.216001,0.7840010000000001,1e-06,81.25
psa tastytrade will still let you buy gamestop fuck these other brokers that are trying to bail out their buddies,2021-01-29,1e-06,0.844001,0.156001,81.25
caninvest in gamestop hold your gme tight and check this out,2021-01-29,1e-06,1.000001,1e-06,81.25
gamestop just likedtweet regarding the at the market offering being completed,2021-01-29,1e-06,1.000001,1e-06,81.25
aoc warren slam wall streeters for outrage over gamestop rally accuse them of treating market likecasino,2021-01-29,1e-06,0.628001,0.37200099999999997,81.25
gamestop blackberry amc sees trade halts on major us brokerage firms,2021-01-29,1e-06,1.000001,1e-06,81.25
we can use our 8 million people buying power to increase gamestop revenue increase investor interest increase stock price,2021-01-29,0.41400099999999995,0.586001,1e-06,81.25
if gamestop hits 800 before 2 26 we will trigger the mother of all short squeezes read up,2021-01-29,1e-06,1.000001,1e-06,81.25
future sole owner of gamestop here withbreakdown of whatto come,2021-01-29,1e-06,1.000001,1e-06,81.25
gamestop completes at the market equity offering program,2021-01-29,1e-06,1.000001,1e-06,81.25
hedge fund that bet against gamestop is closing down,2021-01-29,1e-06,1.000001,1e-06,81.25
gamestop yolo papa cohenm buckled up and ready for liftoff,2021-01-29,0.36500099999999996,0.635001,1e-06,81.25
amc gain lets do gamestop numbers booooys,2021-01-29,0.36200099999999996,0.638001,1e-06,81.25
gamestop cfo resigns following meme stock frenzy,2021-01-29,1e-06,0.521001,0.47900099999999995,81.25
new strain of gamestop virus found,2021-01-29,1e-06,0.8060010000000001,0.194001,81.25
amc gamestop stock dropped but reddit still wants to send them to the moon whatnext,2021-01-29,1e-06,1.000001,1e-06,81.25
dd why gamestop gme is worth 1000 withoutsqueeze,2021-01-29,0.213001,0.7870010000000001,1e-06,81.25
if 1 000 000 of us boughtshirt from gamestop this would happen,2021-01-29,1e-06,1.000001,1e-06,81.25
cash app allowing purchase of amc gamestop and blackberry not on app,2021-01-29,1e-06,1.000001,1e-06,81.25
melvin capital gamestop and the road to disaster,2021-01-29,1e-06,0.631001,0.36900099999999997,81.25
this is trading 212 every major execution venue worldwide has placed gamestop in close only mode is there any precedent for this,2021-01-29,1e-06,1.000001,1e-06,81.25
gamestop irony,2021-01-29,1e-06,0.455001,0.5450010000000001,81.25
with robinhood down how dobuy gamestop shares,2021-01-29,0.268001,0.732001,1e-06,81.25
dear gamestop newcomer bad good,2021-01-29,0.500001,0.182001,0.318001,81.25
gamestop can only go up,2021-01-29,1e-06,1.000001,1e-06,81.25
dont sell selling shares of amc or bb to buy more gamestop will hurt gamestop do not sell buy gme,2021-01-29,1e-06,0.764001,0.236001,81.25
senator warren releases statement on gamestop trade,2021-01-29,1e-06,1.000001,1e-06,81.25
investment exec predicts gamestop will top 1 000 per share,2021-01-29,0.36400099999999996,0.636001,1e-06,81.25
we ve wired their brains to purchase gamestop and hold papa musk,2021-01-29,1e-06,1.000001,1e-06,81.25
hold the line amc gamestop bb go ask for help ted cruz and aoc already helping out some class suits against robinhood lettake it to social media and make sure wall street does not get awaythis manipulation we wont be stopped,2021-01-29,0.230001,0.770001,1e-06,81.25
dfv jim cramer met today to discuss gamestop,2021-01-29,1e-06,1.000001,1e-06,81.25
cheers to wsb from going all in at tesla at 1500 pre split even though those around me told mewas stupid to buying into pltr nio purple gamestop amc etc,2021-01-29,0.090001,0.8120010000000001,0.099001,81.25
gamestop power to the players we back on the rise boys hold hold hold,2021-01-29,1e-06,1.000001,1e-06,81.25
yolo10k into gamestop last month hoping to get rich didnhappen but nowm just holding for the ride even if we donwin atleast we tried,2021-01-29,0.160001,0.840001,1e-06,81.25
still holding canstop wonstop gamestop,2021-01-29,1e-06,1.000001,1e-06,81.25
i donknow if anyone will read this but hear me out gamestop,2021-01-29,1e-06,1.000001,1e-06,81.25
stop talking about gamestop,2021-01-29,1e-06,0.577001,0.42300099999999996,81.25
called gamestop again and they told me to please hold,2021-01-29,0.204001,0.7960010000000001,1e-06,81.25
you can buy gamestop on the frankfurt exchange the ticker is gs2c,2021-01-29,1e-06,1.000001,1e-06,81.25
fiction gamestop will be able to sell and have enouth money to buy valve and become the worldwide leader,2021-01-29,1e-06,1.000001,1e-06,81.25
texas fifth grader makes 3 200 off gamestop shares bought for 6 in 2019,2021-01-29,0.167001,0.833001,1e-06,81.25
next congressional hearing on gamestop scheduled for 03 17 2021,2021-01-29,1e-06,1.000001,1e-06,81.25
popped up in my emailfew minutes ago thought you guywould be interested no legitimate reason robinhood hit with class action over halt on gamestop gme stock trading,2021-01-29,0.090001,0.836001,0.074001,81.25
gamestop is being systematically attacked by hedgefunds itnow been suspended halted today as much as itbeen actively traded you know what that means what we re doing is working,2021-01-29,0.067001,0.756001,0.177001,81.25
robinhood restricts trading in gamestop and more can they do that vl402,2021-01-29,1e-06,0.827001,0.173001,81.25
large gamestop shareholder must asset management sold off its stake,2021-01-29,0.217001,0.7830010000000001,1e-06,81.25
psa mama kelli chewy vet just started her new job today and will be overhauling gamestopcustomer service,2021-01-29,1e-06,1.000001,1e-06,81.25
welp looks like not even robinhood will allow us to buy gamestop stock anymore so much for the free market,2021-01-29,0.312001,0.688001,1e-06,81.25
how to bypass gamestop buy restrictions exercise calls,2021-01-29,1e-06,1.000001,1e-06,81.25
gamestop is sell only in revolut app probably why the price dropped 50 today,2021-01-29,1e-06,1.000001,1e-06,81.25
you can buy these shares on etoro guyshave bought very little of gamestop butcanpost it asdonmeet the criteria but rest assured all are available go redditors,2021-01-29,0.168001,0.832001,1e-06,81.25
down 27k canstop wonstop gamestop,2021-01-29,1e-06,1.000001,1e-06,81.25
gamestop shareholder sells 1 billion worth of stock,2021-01-29,0.241001,0.759001,1e-06,81.25
battle of gamestop march 17th 2021,2021-01-29,1e-06,0.6580010000000001,0.342001,81.25
keep buying weekly 10kweek hopefully the little one on the way likes gamestop,2021-01-29,0.333001,0.6670010000000001,1e-06,81.25
remember gamestopshare offering it closed today,2021-01-29,1e-06,1.000001,1e-06,81.25
i want in on gamestop but robinhood wonlet me purchase,2021-01-29,0.126001,0.874001,1e-06,81.25
ayo come look at this hedge fund who thought they could short gamestop,2021-01-29,1e-06,1.000001,1e-06,81.25
bought all the way up and all the way down nowm all in grab your nuts and enjoy the ride itmy first to the moon gamestop canstop wonstop,2021-01-29,0.102001,0.825001,0.073001,81.25
gamestop is no longer supported in robinhood,2021-01-29,0.242001,0.526001,0.232001,81.25
some optimism from institutions gamestop crash wipes out 5 billion in market value but one market expert says shares could skyrocket again,2021-01-29,0.264001,0.6640010000000001,0.072001,81.25
sen warren on gamestop frenzy we need clear rules on market manipulation,2021-01-29,0.161001,0.5590010000000001,0.280001,81.25
melvin capital lost 53 in january hurt by gamestop other bets the wall street journal,2021-01-29,1e-06,0.695001,0.30500099999999997,81.25
gamestop gme stock and the battle continues,2021-01-29,1e-06,0.698001,0.30200099999999996,81.25
canstop wont stop gamestop,2021-01-29,0.386001,0.614001,1e-06,81.25
ban the bots so many posts on daily discussion thread from new accounts promoting stocks other than gamestop,2021-01-29,0.113001,0.724001,0.163001,81.25
gamestop has launchedsearch fornew ceo,2021-01-29,1e-06,1.000001,1e-06,81.25
if you guys are going to sell might as well go out in true gamestop fashion sell it back at 1 10th of what you paid,2021-01-29,0.176001,0.824001,1e-06,81.25
this is life changing meet the redditors behind the gamestop saga usa today,2021-01-29,1e-06,1.000001,1e-06,81.25
big unanswered question what is gamestop going to do with all this new cash,2021-01-29,1e-06,1.000001,1e-06,81.25
gamestop announces appointments of chief executive officer and chief financial officer,2021-01-29,1e-06,1.000001,1e-06,81.25
etrade gamestop saga prompts sec to weigh review of payment for order flow,2021-01-29,1e-06,1.000001,1e-06,81.25
bloomberg gamestop gme stock rebounds after new hires spark turnaround optimism,2021-01-29,0.375001,0.625001,1e-06,81.25
how close are we to flat out owning gamestop can we help turn this company we just bought around,2021-01-29,0.130001,0.870001,1e-06,81.25
lets turn melvinhome intogamestop megastore,2021-01-29,1e-06,1.000001,1e-06,81.25
gamestop update part 3 the betrayal robinhood,2021-01-29,1e-06,0.568001,0.43200099999999997,81.25
brockton native keith gill among those sued for 5m for role in gamestop stock frenzy,2021-01-29,1e-06,0.859001,0.141001,81.25
nintendo goes all in on gme 3 new amiibo will be gamestop exclusives,2021-01-29,1e-06,1.000001,1e-06,81.25
hedge funds doubled down on shorts more stonks 290 of gamestop shares are now floated and they have to buy them all back,2021-01-29,0.091001,0.9090010000000001,1e-06,81.25
dd is always in the comments why cfo jim belldeparture isgreat thing for gamestop,2021-01-29,1e-06,1.000001,1e-06,81.25
gme gamestop amc ape andy sharing thoughts,2021-01-29,0.318001,0.6820010000000001,1e-06,81.25
gamestop announces fourth quarter and fiscal year 2020 earnings release date,2021-01-29,1e-06,1.000001,1e-06,81.25
gamestop update 5 the unpopular truth,2021-01-29,0.36500099999999996,0.635001,1e-06,81.25
say it with me canstop wonstop gamestop,2021-01-29,1e-06,1.000001,1e-06,81.25
amc gamestop up nearly 10 after market opens both following the same market trend nearly 20 million over outflow at the time of this post,2021-01-29,1e-06,1.000001,1e-06,81.25
all you have to do is hold gamestop shares down 63 as large shareholder must asset management reportedly sells stake marketwatch says amc drops 67 by mt newswires 11 25 am et 01 28 2021,2021-01-29,0.125001,0.875001,1e-06,81.25
three new gamestop exechired including an engineering lead from aws,2021-01-29,1e-06,1.000001,1e-06,81.25
robinhood ceo regulators to testify at house hearing on gamestop frenzy,2021-01-29,1e-06,0.813001,0.187001,81.25
gme is up but gamestop corp isn t,2021-01-29,1e-06,1.000001,1e-06,81.25
robinhood will air super bowl ad amid gamestop saga,2021-01-29,0.328001,0.6720010000000001,1e-06,81.25
gamestop is dead on cashapp now,2021-01-29,1e-06,0.5380010000000001,0.462001,81.25
gamestopped by bill nasty,2021-01-29,1e-06,0.455001,0.5450010000000001,81.25
gamestopneverstop,2021-01-29,1e-06,1.000001,1e-06,81.25
short squeeze potential confirmed taken from gamestopsec filing page 15,2021-01-29,1e-06,1.000001,1e-06,81.25
gamestop congressional hearings part 2,2021-01-29,1e-06,1.000001,1e-06,81.25
from the man who brought you pltr hamiltonbring yougme rally cry in this time of need more hamilton but now with the power of gamestop listen up get hyped but more importantly stay the course,2021-01-29,0.088001,0.858001,0.053001,81.25
wallstreetbets is takingbreak from buying gamestop stock to adopt gorillas,2021-01-29,0.159001,0.841001,1e-06,81.25
large option traders making aggressive bets on gamestop nokia,2021-01-29,1e-06,0.833001,0.167001,81.25
donglorify these companies like gamestop and amc,2021-01-29,0.29400099999999996,0.706001,1e-06,81.25
its official robinhood customer sues over removal of gamestop our hero,2021-01-29,0.265001,0.735001,1e-06,81.25
got played at gamestop,2021-01-29,0.444001,0.5560010000000001,1e-06,81.25
us congress on todaygamestop hearing we ve learned that reddit is powerful we ve learned that roaring kitty dfv is indeed notcat,2021-01-29,0.118001,0.882001,1e-06,81.25
this isrecaps six months of gamestop getting to where it is from the people who initially bought it last summerjust threw this together buthave 4 more pages if you guys want to reads robinhood is gonna get sued,2021-01-29,0.035001000000000004,0.965001,1e-06,81.25
gamestop secondary offering what it might look like,2021-01-29,0.263001,0.737001,1e-06,81.25
on january 25thwent to rehab holding gamestop that same day it exploded to 100 have now been sober for over two months and this sub has changed my life in the process,2021-01-29,1e-06,1.000001,1e-06,81.25
can gamestop destabilize the entire market,2021-01-29,1e-06,1.000001,1e-06,81.25
the gamestop and amc drama doesnstop with the stock market,2021-01-29,1e-06,1.000001,1e-06,81.25
why gamestop trading at 400 is fair,2021-01-29,0.277001,0.723001,1e-06,81.25
senvest management llc hedge fund made 700m on gamestop,2021-01-29,1e-06,1.000001,1e-06,81.25
let do party city same as gamestop,2021-01-29,0.31000099999999997,0.690001,1e-06,81.25
one big winner in the gamestop frenzy this hedge fund that made 700 million,2021-01-29,0.210001,0.6630010000000001,0.127001,81.25
biggest gainers in this squeeze of gamestop so far,2021-01-29,1e-06,1.000001,1e-06,81.25
do you think there will be another gamestop situation in the future,2021-01-29,1e-06,1.000001,1e-06,81.25
gamestop madness isndavid vs goliath itgoliath vs goliath with david asfig leaf alexis goldstein,2021-01-29,1e-06,0.818001,0.182001,81.25
this is why gamestop wonstop and why 100k is notmeme,2021-01-29,1e-06,1.000001,1e-06,81.25
cnbc mark cuban says buy gamestop marknever said that cnbc,2021-01-29,1e-06,1.000001,1e-06,81.25
sharks arrive at the gamestop party morning brief,2021-01-29,0.278001,0.722001,1e-06,81.25
last timewent to gamestop there wastroupe of hobos breaking all the display shelves and waving their balls at the cashier,2021-01-29,1e-06,1.000001,1e-06,81.25
senators in the gamestop committee who have received contributions from ken griffin and vlad tenev,2021-01-29,1e-06,1.000001,1e-06,81.25
janet yellen to meet with regulators on gamestop market volatility yea none of us are going to be allowed in that room,2021-01-29,1e-06,1.000001,1e-06,81.25
gamestop is about to bemom becausem not pulling out,2021-01-29,1e-06,1.000001,1e-06,81.25
gamestop stock tumbles but analyst still sees squeeze potential,2021-01-29,1e-06,1.000001,1e-06,81.25
who wins on wall street gamestop robinhood and the state of retail investing united states committee on banking housing and urban affairs 10am est today,2021-02-01,0.220001,0.780001,1e-06,56.25
reddit group wallstreetbets behind massive gamestop amc run ups goes private invitation required,2021-02-01,1e-06,1.000001,1e-06,56.25
data doesnlie degiro newsletter we europooreans cannot even open gamestop com without vpn,2021-02-01,1e-06,1.000001,1e-06,56.25
jim cramer thinks gamestop should convert its stores into crpto info centers,2021-02-01,1e-06,1.000001,1e-06,56.25
tendies for david holding it down at the wausau gamestop tonight,2021-02-01,1e-06,1.000001,1e-06,56.25
according to reuters yellen says wants to understand deeply gamestop frenzy before taking action anyone else thinking shewaaaay too old to understand this or amtoo cynical,2021-02-01,1e-06,0.823001,0.177001,56.25
cantstopgamestop,2021-02-01,1e-06,1.000001,1e-06,56.25
i will own gamestop update apr 26 2021 things are about to get interestingthink 11 increase from last week,2021-02-01,0.119001,0.881001,1e-06,56.25
buy gamestop stock wsb pulled from twitter the attention this is getting is crazy but very much deserved,2021-02-01,1e-06,0.9090010000000001,0.091001,56.25
hedgefonds will be the villain at gamestop hearing,2021-02-01,1e-06,0.6600010000000001,0.340001,56.25
gamestop was my childhood andwill do whatevercan to ensure itsurvival and help it thrive as much as possible,2021-02-01,0.249001,0.751001,1e-06,56.25
idown 33k today with half of my portfolio in gme and bb these are little bitch baby swings though som still because if hestill inm still in also here1 000 to some local gamestop employees apes together strong,2021-02-01,0.077001,0.841001,0.082001,56.25
we re gonna needbigger float gamestop isremix and how to maybe profit off it,2021-02-01,0.182001,0.818001,1e-06,56.25
gamestop earns top marks in human rights campaign2021 corporate equality index gamestop corp,2021-02-01,0.130001,0.870001,1e-06,56.25
yahoo finance feb 1 why gamestopstock could rise much much higher,2021-02-01,1e-06,1.000001,1e-06,56.25
you can no longer buy gamestop amc nokia naked etc on robinhood you can still buy sundial baby,2021-02-01,1e-06,0.885001,0.115001,56.25
some old dedicated gamestop employee took stock options and never cashed them and is absolutely shitting their pants right now,2021-02-01,0.125001,0.747001,0.128001,56.25
possible safer play on gamestop melvin capitalother holdingsexpe lb aeo txrh,2021-02-01,0.36600099999999997,0.634001,1e-06,56.25
a glimpse into the future after we stick it to the suits gamestop will go down in history,2021-02-01,1e-06,1.000001,1e-06,56.25
janet yellen is so clearly transparent in the gma interview shenervous anxiously trying to avoid saying anything about gamestop and absolutely avoiding calling attention to the hedge funds,2021-02-01,0.102001,0.700001,0.198001,56.25
jfk was talking about gamestop not the space race,2021-02-01,1e-06,1.000001,1e-06,56.25
pelosi says congress will be part of gamestop scrutiny as some brokers moved to restrict trading,2021-02-01,1e-06,0.852001,0.148001,56.25
gamestop is it possible that an enormous options program for employees and new exec hires is what we see,2021-02-01,1e-06,1.000001,1e-06,56.25
number of gamestop shares shorted edges higher s3 partners,2021-02-01,0.333001,0.6670010000000001,1e-06,56.25
gamestop on 9 february,2021-02-01,1e-06,1.000001,1e-06,56.25
gamestop and the ecstasy of making elites pay,2021-02-01,0.34500099999999995,0.5310010000000001,0.124001,56.25
gme gamestop is rising again,2021-02-01,1e-06,1.000001,1e-06,56.25
fyiall are not herofor buying and holding gamestop employees seeall as insensitive and out of touch with reality,2021-02-01,1e-06,0.899001,0.10100100000000001,56.25
gamestop gme outpaces stock market gains what you should know investors will be hoping for strength from gme as it approaches its next earnings release which is expected to be march 23 2021 the company is expected to report eps of 1 46 up 14 96 from the prior year quarter,2021-02-01,0.152001,0.848001,1e-06,56.25
robinhood removes limits on buying gamestop amc entertainment,2021-02-01,0.28600099999999995,0.714001,1e-06,56.25
my letter to gamestop investor relations,2021-02-01,1e-06,1.000001,1e-06,56.25
why gamestop fell to 250 from 400 within an hour sorry no panicjust donunderstand the market,2021-02-01,1e-06,0.8000010000000001,0.200001,56.25
bought dark souls on 01 05 2021 from gamestop for 4 99 caught 50 shares at 48 40 on 02 24 2021 not sure which was the better deal,2021-02-01,0.159001,0.780001,0.061001,56.25
gamestop round 2 what is gamma squeeze and why gme is going to the moon,2021-02-01,1e-06,1.000001,1e-06,56.25
wsb and gamestop are changing the financial world,2021-02-01,1e-06,1.000001,1e-06,56.25
letgo gamestop,2021-02-01,1e-06,1.000001,1e-06,56.25
petition for gamestop to stop selling games and just becomecasino,2021-02-01,1e-06,0.8040010000000001,0.196001,56.25
the technicals behind gamestop 5,2021-02-01,1e-06,1.000001,1e-06,56.25
matt furlong new gamestop ceo will only earn 200k in cash and 16 5m in stock plus important note about the stock package relevant to the share price over the next 3 weeks as his package is based on juneshare price average,2021-02-02,0.093001,0.9070010000000001,1e-06,22.5
gamestop hq watching their own stock as they were packing up their offices,2021-02-02,1e-06,1.000001,1e-06,22.5
according to new data gamestopstock price is being driven by institutions not retail traders,2021-02-02,1e-06,1.000001,1e-06,22.5
how canget in on this gamestop thing,2021-02-02,1e-06,1.000001,1e-06,22.5
gamestop short sellers have lost over 6 5 billion dollars this year,2021-02-02,1e-06,0.7960010000000001,0.204001,22.5
itworking melvin capital lost 53 in january hurt by gamestop and other short bets,2021-02-02,1e-06,0.6780010000000001,0.322001,22.5
i made24ct gold cold cast gamestop to celebrate nextam making real diamond hands,2021-02-02,0.379001,0.621001,1e-06,22.5
when robinhood goes public we short it like what all of those hedge fund owners did to gamestop gme,2021-02-02,0.122001,0.878001,1e-06,22.5
the upside wsb probably stopped gamestop from going bankrupt,2021-02-02,1e-06,0.5600010000000001,0.440001,22.5
thank you gamestopm buyingcondo thanks to you,2021-02-02,0.519001,0.48100099999999996,1e-06,22.5
update gamestop is now seeingclimb after the panic keep it going,2021-02-02,1e-06,0.752001,0.248001,22.5
gamestop,2021-02-02,1e-06,1.000001,1e-06,22.5
honestly gamestop is dropping fast is there actually any chance of it bouncing back,2021-02-02,0.29400099999999996,0.706001,1e-06,22.5
with gamestop roaring kitty channels his inner warren buffett,2021-02-02,1e-06,1.000001,1e-06,22.5
dd gamestop price analysis stilldeep fucking value under 550,2021-02-02,0.252001,0.748001,1e-06,22.5
cangamestop just issue more shares fuck us all,2021-02-02,0.20300100000000001,0.48900099999999996,0.30800099999999997,22.5
if gamestop builds through real vision buying today could be like getting in on the nfl at the ground floor,2021-02-02,0.200001,0.8000010000000001,1e-06,22.5
trading app robinhood shuts down gamestop stock after reddit traders embarrass wall street,2021-02-02,1e-06,0.845001,0.155001,22.5
they want to stop our game canstop wonstop gamestop,2021-02-03,0.124001,0.6670010000000001,0.210001,23.102500915527344
wsj added an entire section to their website called gamestop mania would have been better if they just called it,2021-02-03,0.132001,0.868001,1e-06,23.102500915527344
non wsb investors read this all ers will pledge to shop exclusively at gamestop expect huge earnings next quarter,2021-02-03,0.113001,0.887001,1e-06,23.102500915527344
casually threwyearsalary into gamestop,2021-02-03,0.36200099999999996,0.638001,1e-06,23.102500915527344
zoom bomb during gamestop hearing,2021-02-03,1e-06,0.5560010000000001,0.444001,23.102500915527344
wallstreetbets gamestop stock drama becoming two different movies,2021-02-03,1e-06,1.000001,1e-06,23.102500915527344
canadians it is time for the moose knuckles of the north to buy gme it may be eb games or electronics boutique to us but it is gamestop for us all lock antlers with our southern neighbours ape arms to the moon,2021-02-03,1e-06,1.000001,1e-06,23.102500915527344
gamestop announces chief executive officer succession plan,2021-02-03,0.231001,0.769001,1e-06,23.102500915527344
what does the recent surge in gamestopstock price mean for the actual company gamestop does this mean they now have money to invest into their business to avoid going under or filing bankruptcy,2021-02-03,1e-06,0.9360010000000001,0.064001,23.102500915527344
i wonder what the ceos of nokia blackberry gamestop and amc are thinking right now butbet they re with the little man on this,2021-02-03,1e-06,1.000001,1e-06,23.102500915527344
gamestop appoints chief technology officer gamestop corp,2021-02-03,1e-06,1.000001,1e-06,23.102500915527344
what is gme and what is the big deallooked up gme and it was the gamestop stock code andsaw the stocks are dropping but whatthe scoop hereposted here because it seemed the most relevantknow nothing about investing,2021-02-03,0.050001000000000004,0.950001,1e-06,23.102500915527344
you guys are acting like this is the first time you ve madebad financial decision involving gamestop,2021-02-03,0.135001,0.865001,1e-06,23.102500915527344
a gamestop movie reportedly under way by film company mgm,2021-02-03,1e-06,1.000001,1e-06,23.102500915527344
when you buygame from gamestop you donsell it back to gamestop you hold the game,2021-02-03,1e-06,1.000001,1e-06,23.102500915527344
are we going to do what we did to gamestop to amc stock,2021-02-03,1e-06,1.000001,1e-06,23.102500915527344
mark cuban advises reddit traders as gamestop shares plunge,2021-02-03,0.216001,0.7840010000000001,1e-06,23.102500915527344
gamestop is back on its way up hold,2021-02-03,1e-06,1.000001,1e-06,23.102500915527344
when did this sub become gamestopbets,2021-02-03,1e-06,1.000001,1e-06,23.102500915527344
gamestop proxy statement should come out today right now it incorrectly links to the 8released earlier this morning,2021-02-03,1e-06,1.000001,1e-06,23.102500915527344
my friends andare 13 17 years old and are part ofvideo game club at our school we go to gamestop all the time at our local mall and want the company to succeed and we believe in its future we love gamestop so all of us put all our savings and bought gme stock,2021-02-03,0.191001,0.8090010000000001,1e-06,23.102500915527344
want to help gme gamestop buy your video games from them then digital also,2021-02-03,0.250001,0.750001,1e-06,23.102500915527344
saxobank says gamestop shares were more popular than faang in the uae in the first quarter,2021-02-03,0.274001,0.726001,1e-06,23.102500915527344
boughtput with all of my gamestop earnings if you canbeat em join em,2021-02-03,0.155001,0.845001,1e-06,23.102500915527344
canbuy the gamestop share buy something from them,2021-02-03,0.239001,0.761001,1e-06,23.102500915527344
gamestop cfo resignsmonth after the reddit trading frenzy,2021-02-03,1e-06,0.753001,0.247001,23.102500915527344
gamestop video game trailer meme,2021-02-03,1e-06,1.000001,1e-06,23.102500915527344
gamestop victories now includep credit upgraderating,2021-02-03,0.342001,0.6580010000000001,1e-06,23.102500915527344
exclusive treasuryyellen to call regulator meeting on gamestop volatility,2021-02-03,0.158001,0.842001,1e-06,23.102500915527344
from france gamestop,2021-02-03,1e-06,1.000001,1e-06,23.102500915527344
you can buy gamestop stock on ibkr using gs2c ticker,2021-02-03,1e-06,1.000001,1e-06,23.102500915527344
netflix is trading at 519share netflix gamestop,2021-02-03,1e-06,1.000001,1e-06,23.102500915527344
heback esports entertainment stock soars after andrew leftcitron says gamestop should buy the online gambling company,2021-02-03,0.157001,0.843001,1e-06,23.102500915527344
netflix also investing in the gamestop movie market,2021-02-03,1e-06,1.000001,1e-06,23.102500915527344
dumb money is on gamestop and itbeating wall street at its own game,2021-02-03,1e-06,0.7840010000000001,0.216001,23.102500915527344
gamestop appoints 3 new executives to push forwardcommerce and customer focused transformation,2021-02-03,0.206001,0.7940010000000001,1e-06,23.102500915527344
gamestop netflix movie premier date and cast,2021-02-04,1e-06,1.000001,1e-06,13.375
robinhood blocks new purchases of gamestop stock,2021-02-04,1e-06,0.759001,0.241001,13.375
what if everyone went to thier local gamestop and bought out the store how would the fundamentals change when gamestop see its highest sales in decades,2021-02-04,1e-06,1.000001,1e-06,13.375
i understand the gamestop run,2021-02-04,1e-06,1.000001,1e-06,13.375
ifhad to sum up main stream media this morning it would be this cnn does shorting gamestop hurt you financially wall street no not at all wall street cries likefucking baby,2021-02-04,1e-06,0.771001,0.229001,13.375
u deepfuckingvalue is being asked to testify in the upcoming gamestop hearing diamond hands and tendies gonna enter the congressional record,2021-02-04,0.112001,0.888001,1e-06,13.375
sorry mofos check this shit out robinhood interactive brokers restrict trading in gamestop stock and options the excuse they give int he statement is comical,2021-02-04,0.043001,0.690001,0.268001,13.375
gamestop stock worth 359 million failed to deliver following frenzied short squeeze,2021-02-04,0.125001,0.6580010000000001,0.217001,13.375
analyst sees manipulation as someone bet 10 5m yesterday that gamestop gme would close above 800 by tomorrow,2021-02-04,1e-06,0.885001,0.115001,13.375
start playing towards your strengths and stop acting invincible much like gamestop wsb must return to their core competencies to succeed,2021-02-04,0.438001,0.49000099999999996,0.072001,13.375
fidelity investments sold its entire stake in gamestop time to realize itnot wsb vs wall st and move on with your life,2021-02-04,1e-06,1.000001,1e-06,13.375
gamestopwebsite update and plans starting to emerge,2021-02-04,1e-06,1.000001,1e-06,13.375
regulators want30 day cooling off period for gamestop here they come stay strong you guys are motivating af,2021-02-04,0.28900099999999995,0.711001,1e-06,13.375
cant stop wonstop gamestop,2021-02-04,0.386001,0.614001,1e-06,13.375
gs2c gamestop eu can still be bought and is dipping,2021-02-04,1e-06,1.000001,1e-06,13.375
what would you do if you were gamestop ceo right now,2021-02-04,1e-06,1.000001,1e-06,13.375
gamestop name recognition and value,2021-02-04,0.375001,0.625001,1e-06,13.375
gainporn yolowas hurting from gamestop but was still rich in the lessons you all have taught me along the way thank you wsb and thank you fellow retards my wifeboyfriend will be stoked she can pick him up innewly used honda and he doesnhave to call lyft anymore,2021-02-04,0.199001,0.769001,0.032001,13.375
just sold my new pc thatgot for my 13th birthday to buy gamestop sharesbelieve in you guys,2021-02-04,1e-06,1.000001,1e-06,13.375
why cani buy gamestop itnot any of these,2021-02-04,1e-06,1.000001,1e-06,13.375
updated short interest numbers for gamestop gme as of feb 1,2021-02-04,0.250001,0.750001,1e-06,13.375
headline gamestop posts longest losing streak inyear as shine fades what they forget for every share sold someone wanted it enough to buy it at over 135,2021-02-04,0.072001,0.7820010000000001,0.147001,13.375
my vision for gamestopdream ofcrayon eating ape,2021-02-04,0.250001,0.750001,1e-06,13.375
the drop in gamestop short interest could be real or deceptive market manipulation,2021-02-04,0.173001,0.578001,0.249001,13.375
everyone go to gamestop and buy stuff,2021-02-04,1e-06,1.000001,1e-06,13.375
next gamestop,2021-02-04,1e-06,1.000001,1e-06,13.375
gamestop frenzy prompts sec to weigh more short sale transparency,2021-02-04,1e-06,0.7960010000000001,0.204001,13.375
gamestop stonks,2021-02-04,1e-06,1.000001,1e-06,13.375
gamestop continues expansion of fulfillment network with new facility in reno nevada,2021-02-04,1e-06,1.000001,1e-06,13.375
scott cook and gensler they donwant any more of this gamestop the sec iscop on the beat we re inexperienced investors and unqualified people on social media we need an intermediary or financial advisor the sec is gonna vigorously lean in against individuals to assess,2021-02-04,0.033001,0.967001,1e-06,13.375
idown 25000 todayput my last 5k into gamestop amc and bb ifcan hold you can too,2021-02-04,1e-06,1.000001,1e-06,13.375
does anyone have screenshots or video of gamestop level 2 data during the crash,2021-02-04,1e-06,0.816001,0.184001,13.375
the next gamestop or researching to find it,2021-02-04,1e-06,1.000001,1e-06,13.375
gamestop stock suspended on webull,2021-02-04,1e-06,0.563001,0.437001,13.375
canfind gamestop on bux zero,2021-02-04,1e-06,1.000001,1e-06,13.375
yahoo news wallstreetbets the group behind the gamestop movement raises 200k for gorilla charity,2021-02-04,0.177001,0.823001,1e-06,13.375
why is gamestop trading at 20 difference on fidelity and robinhood,2021-02-04,1e-06,1.000001,1e-06,13.375
heads up you can still buy gamestop ontrade,2021-02-04,1e-06,1.000001,1e-06,13.375
gamestop stock is flying again the transformation is on the way,2021-02-04,1e-06,1.000001,1e-06,13.375
openedrobinhood account yesterday and received this message today telling mecantrade gamestop and amc,2021-02-04,1e-06,1.000001,1e-06,13.375
gamestop up on webull,2021-02-04,1e-06,1.000001,1e-06,13.375
kyle bass on gamestop he says its over,2021-02-04,1e-06,1.000001,1e-06,13.375
poor romanian here all in on gme not selling before 10kwill getgolden dildo write gamestop on it and fuck my own ass,2021-02-05,1e-06,0.653001,0.34700099999999995,15.942500114440918
gamestop amc short sellers lost 754 million after tuesdayrally,2021-02-05,1e-06,0.777001,0.223001,15.942500114440918
diamond hands an original music video about gamestop and robinhood,2021-02-05,0.37000099999999997,0.630001,1e-06,15.942500114440918
with reddit backed investors storming the street traders decipher the gaming of gamestop,2021-02-05,0.084001,0.9160010000000001,1e-06,15.942500114440918
robinhood business model under fire at gamestop hearing in congress zero commissions does not mean zero costs to investors it just means zero disclosed costs last updated march 17 2021 at 2 26m,2021-02-05,1e-06,0.9280010000000001,0.072001,15.942500114440918
100k gainam pro musician and convinced my band to recordcover of immigrant song with lyrics about gamestop,2021-02-05,0.144001,0.856001,1e-06,15.942500114440918
wonstop canstop gamestopwant moar,2021-02-05,1e-06,1.000001,1e-06,15.942500114440918
gamestop announces at the market equity offering program company can sell up to 3 5 million shares and intends to use any proceeds to further accelerate transformation and strengthen balance sheet proceeds will not exceed 1 000 000 000,2021-02-05,0.11700100000000001,0.883001,1e-06,15.942500114440918
this is gamestop,2021-02-05,1e-06,1.000001,1e-06,15.942500114440918
robbinhood restricted selling amc and gamestop has this sub picked another companycan buy and hold forever in hopes of hedgefunds shitting themselves asking becauseamtrue retard and canfigure it out for myself,2021-02-05,0.073001,0.699001,0.228001,15.942500114440918
nyse chairman says gamestop surge highlightss market flaws retail stock pickers have been openly coordinating share purchases and sales on reddit forums sending the price of gamestop amc entertainment holdings inc and others onwild series of ups and downs,2021-02-05,0.119001,0.881001,1e-06,15.942500114440918
mudrick capital gains 200 million on amc gamestop bets,2021-02-05,0.231001,0.769001,1e-06,15.942500114440918
when this is over and we ve seized the means of production we re buildinggamestop on wallstreet,2021-02-05,1e-06,1.000001,1e-06,15.942500114440918
aoc demands probe after robinhood app banned gamestop purchases triggering 90 minute sell off frenzy,2021-02-05,1e-06,0.710001,0.29000099999999995,15.942500114440918
how is gamestop reacting,2021-02-05,1e-06,1.000001,1e-06,15.942500114440918
evaluating gamestop future the realistic share price of gme post squeeze,2021-02-05,0.180001,0.820001,1e-06,15.942500114440918
some people see gamestop asstick it to the man opportunity sorkin,2021-02-05,0.219001,0.7810010000000001,1e-06,15.942500114440918
video the reddit revolution gamestop and melvin capital,2021-02-05,1e-06,1.000001,1e-06,15.942500114440918
gamestop and other stocks targeted by reddit users plummet,2021-02-05,1e-06,1.000001,1e-06,15.942500114440918
gonna own gamestop update mar 10 2021 drop the price againdare you,2021-02-05,1e-06,0.840001,0.160001,15.942500114440918
gamestop making move hold retards,2021-02-05,1e-06,1.000001,1e-06,15.942500114440918
i believe that you canstop wonstop gamestop,2021-02-05,1e-06,1.000001,1e-06,15.942500114440918
im new here and donknow much about stocks or what not is there another way to buy gamestop stocks or something and how wouldgo on about purchasing stocks,2021-02-05,1e-06,1.000001,1e-06,15.942500114440918
why not buy options in gamestop,2021-02-05,1e-06,1.000001,1e-06,15.942500114440918
closedlarge 10 000 put position on gamestop competitor best buy would not be here today without this subreddit,2021-02-05,0.198001,0.8020010000000001,1e-06,15.942500114440918
i ve never bothered about stocks and share my entire life but todaym watching gamestop shares live on my phonem rooting for all of you hold,2021-02-05,0.211001,0.7890010000000001,1e-06,15.942500114440918
the glorious creation of wallstreetbets the chronology of gamestop,2021-02-05,0.47400099999999995,0.526001,1e-06,15.942500114440918
after the gamestop fiasco momentum builds for an 800 billion tax,2021-02-05,1e-06,0.752001,0.248001,15.942500114440918
hollywood already eyeing movie aboutwallstreetbets gamestop,2021-02-05,1e-06,1.000001,1e-06,15.942500114440918
my friend andhave read the dds and invested in gamestop gme we are now pullingprank from the beverly hills cop on ken griffin citadel and vlad tenev robinhood,2021-02-05,0.106001,0.894001,1e-06,15.942500114440918
ryan cohen is going to transform gamestop but for now helimited in what he can do,2021-02-05,1e-06,1.000001,1e-06,15.942500114440918
sec not congress should step in amid gamestop stock frenzy analyst,2021-02-05,1e-06,0.813001,0.187001,15.942500114440918
reddit chiefwas late to spot gamestop stock mania,2021-02-05,1e-06,1.000001,1e-06,15.942500114440918
amc and gamestop blocked in europe,2021-02-05,1e-06,0.704001,0.29600099999999996,15.942500114440918
healthy discussion about potential risk of gamestop please support this thread,2021-02-05,0.458001,0.41700099999999996,0.125001,15.942500114440918
hey guysam totally new to this shouldinvest in gamestop or blackberry,2021-02-05,1e-06,1.000001,1e-06,15.942500114440918
gamestop frenzy proves that wall street isrigged game says elizabeth warren,2021-02-05,1e-06,0.813001,0.187001,15.942500114440918
isnthe smart thing to do now is short gamestop and amc,2021-02-05,0.213001,0.7870010000000001,1e-06,15.942500114440918
gamestop 1 27 options trading,2021-02-05,1e-06,1.000001,1e-06,15.942500114440918
gamestop almost saved the system,2021-02-05,0.385001,0.615001,1e-06,15.942500114440918
when gamestop gme is your first ever stock,2021-02-05,1e-06,1.000001,1e-06,15.942500114440918
etoro allowing you to buy gamestop but not sell,2021-02-05,1e-06,1.000001,1e-06,15.942500114440918
new gme holder been lurking forfew days decided to get involved and went all in this morning notfinancial advisor justretarded monkey and like the stockhave memories of going to gamestop growing up,2021-02-05,0.121001,0.836001,0.043001,15.942500114440918
gamestop heavy etf shrinks sharply amid redemptions barrons com,2021-02-05,1e-06,1.000001,1e-06,15.942500114440918
gamestop announces voluntary early redemption of senior notes,2021-02-05,1e-06,1.000001,1e-06,15.942500114440918
eu signals short selling crackdown amid gamestop mania,2021-02-05,1e-06,1.000001,1e-06,15.942500114440918
microvision replaces gamestop as the most talked about stock on reddit is it too late to hop on mvis rocket,2021-02-05,1e-06,1.000001,1e-06,15.942500114440918
if redditors rallying gamestop is unacceptable market manipulation what would you call it when greedy wall street bankers gambled away our entire economy in 2008 and faced no consequences,2021-02-05,1e-06,0.720001,0.280001,15.942500114440918
robinhood blocks buying of amc gamestop,2021-02-05,1e-06,0.725001,0.275001,15.942500114440918
robinhood slims restricted list to 8 stocks but users can still only buy 1 share of gamestop make sure you have other brokers,2021-02-05,0.225001,0.705001,0.07000100000000001,15.942500114440918
at least gamestop isnplummeting,2021-02-05,1e-06,1.000001,1e-06,15.942500114440918
too hyped about gamestop,2021-02-05,1e-06,1.000001,1e-06,15.942500114440918
gamestop falls short of fourth quarter revenue estimates,2021-02-05,1e-06,1.000001,1e-06,15.942500114440918
where canbuy stocks in amc and gamestop uk based,2021-02-05,1e-06,1.000001,1e-06,15.942500114440918
the past few days are reminiscent to when you would pack up your game console games accessories thinking youget some money from gamestop to only get 1 still tho,2021-02-05,1e-06,1.000001,1e-06,15.942500114440918
bidensec nominee vows review of gamestop trading issues climate disclosures,2021-02-08,1e-06,1.000001,1e-06,15.0
our reddit movement is being called the gamestop revolution by historians,2021-02-08,1e-06,1.000001,1e-06,15.0
gamestop gme scores 100 for human rights of course we love them,2021-02-08,0.276001,0.724001,1e-06,15.0
utreasury secretary yellen to call meeting of sec fed new york fed and cftc this week to discuss gamestop related market volatility,2021-02-08,1e-06,1.000001,1e-06,15.0
finally an honest investigative news report the gamestop mess exposes the naked short selling scam,2021-02-08,0.150001,0.500001,0.35000099999999995,15.0
gamestop reddit users claim victory as 13bn hedge fund closes position accepting huge losses,2021-02-09,0.263001,0.591001,0.145001,12.577500343322754
in 2022 gamestop announces,2021-02-10,1e-06,1.000001,1e-06,12.800000190734863
gamestop q4 earnings megathread,2021-02-11,1e-06,1.000001,1e-06,12.774999618530272
why gamestop is worth all this money,2021-02-12,0.241001,0.759001,1e-06,13.100000381469728
gamestop short sellers are still not surrendering despite nearly 20 billion in losses this month,2021-02-18,1e-06,0.838001,0.162001,10.172499656677246
clarifying the endpoint for me asnewb gamestop and amc,2021-02-18,1e-06,1.000001,1e-06,10.172499656677246
i will own gamestop update feb 22,2021-02-18,1e-06,1.000001,1e-06,10.172499656677246
mod on gamestop subreddit bans me for saying he should be mod because he doesnrepresent gamestopcore value fuck wallstreet get money,2021-02-18,0.096001,0.763001,0.141001,10.172499656677246
gamestop stock mania is making its turnaround possible,2021-02-18,1e-06,1.000001,1e-06,10.172499656677246
robinhood no longer lets me play gamestop game,2021-02-18,0.226001,0.566001,0.208001,10.172499656677246
regarding gamestopwill say girp it hard the more common expression is inappropriate here,2021-02-18,1e-06,0.896001,0.104001,10.172499656677246
robinhood customers sue over removal of gamestop,2021-02-18,1e-06,1.000001,1e-06,10.172499656677246
amc and gamestop subidaries of smoothbrain ventures,2021-02-18,1e-06,1.000001,1e-06,10.172499656677246
pelosi says congress will be part of gamestop scrutiny,2021-02-19,1e-06,1.000001,1e-06,10.147500038146973
my mum just accused me of destroying jobs for people at gamestoptried explaining her that thatwhat we are fighting against people need to be educated,2021-02-19,1e-06,0.726001,0.274001,10.147500038146973
robinhood removes gamestop amc puts notice on pages saying you can close out your position on this stock but you can not purchase additional shares,2021-02-19,1e-06,0.9110010000000001,0.089001,10.147500038146973
can anyone explain whatall are doing to the gamestop stock,2021-02-19,1e-06,1.000001,1e-06,10.147500038146973
more than half of all robinhood users own at least some gamestop stock,2021-02-19,1e-06,1.000001,1e-06,10.147500038146973
nyse just tweeted to remind everyone to hg which obviously stands for hold gamestop,2021-02-19,1e-06,1.000001,1e-06,10.147500038146973
loss porn canstop wonstop gamestop,2021-02-19,1e-06,0.635001,0.36500099999999996,10.147500038146973
have fun you retardedthink longer term pay what you believe to befair price to watch the show and buy at gamestop,2021-02-19,0.139001,0.8020010000000001,0.059001,10.147500038146973
gamestop fury,2021-02-19,1e-06,0.213001,0.7870010000000001,10.147500038146973
bought some nintendo switches from gamestop and donated them to the local childrenhospital gme to the moon,2021-02-19,1e-06,1.000001,1e-06,10.147500038146973
three big issues for february 18 congressional robinhood gamestop hearing,2021-02-19,1e-06,1.000001,1e-06,10.147500038146973
can someone explain the gamestop thing,2021-02-19,1e-06,1.000001,1e-06,10.147500038146973
if dfv goes to jail do we havecivil duty to rally gamestop stock,2021-02-19,1e-06,1.000001,1e-06,10.147500038146973
can gamestop buy merge with steam,2021-02-19,1e-06,1.000001,1e-06,10.147500038146973
gamestop brand silver coin atm machines stay with me,2021-02-22,1e-06,1.000001,1e-06,11.5
tuesday 3 23 21 gamestop earnings report investor conference call with end credits scene,2021-02-22,0.172001,0.828001,1e-06,11.5
stock dilution when gamestop pulls the rug out from under our feet it will be the final straw,2021-02-23,1e-06,1.000001,1e-06,11.24250030517578
gamestop gamma hedging wall street bets and the crack rock an in depth explanation of the dynamics ofshort squeeze,2021-02-23,0.104001,0.896001,1e-06,11.24250030517578
gamestop wonstop buying gamestop whylike this stock to we go,2021-02-23,1e-06,1.000001,1e-06,11.24250030517578
gamestop round 2 how an options buying frenzy is providing another jolt to meme stocks,2021-02-23,1e-06,0.850001,0.150001,11.24250030517578
robinhood td ameritrade restrict trading of gamestop amc stock,2021-02-23,1e-06,0.755001,0.245001,11.24250030517578
revolut still allows purchasing of gamestop stock,2021-02-24,1e-06,1.000001,1e-06,22.927499771118164
gamestop shows predatory ways of wall street waters says,2021-02-24,1e-06,1.000001,1e-06,22.927499771118164
gamestop blackberry stocks sink as robinhood interactive brokers restrict trading,2021-02-24,1e-06,0.776001,0.224001,22.927499771118164
gme gamestop earns top marks in human rights campaign2021 corporate equality index,2021-02-24,0.141001,0.859001,1e-06,22.927499771118164
just bought gamestop,2021-02-24,1e-06,1.000001,1e-06,22.927499771118164
i cansearch for gme or gamestop in robinhood,2021-02-24,1e-06,1.000001,1e-06,22.927499771118164
treasury secretary janet yellen to call regulator meeting on gamestop volatility seeks ethics waiver,2021-02-25,0.122001,0.878001,1e-06,27.1825008392334
gamestop gme said to tap chewy comcohen to leadcommerce shift bloomberg,2021-02-25,1e-06,1.000001,1e-06,27.1825008392334
here are the top donors for the members of congress in tomorrowgamestop hearing,2021-02-25,0.130001,0.870001,1e-06,27.1825008392334
technical analysis of gamestop gme to the moon,2021-02-25,1e-06,1.000001,1e-06,27.1825008392334
mr kitty goes virtually to washington over gamestop saga,2021-02-26,1e-06,1.000001,1e-06,25.434999465942383
citadel ceo we had no role in robinhooddecision to limit trading in gamestop,2021-02-26,1e-06,0.845001,0.155001,25.434999465942383
forgot to download my story but my wife andwere walking home by our local gamestop and they just received one not preordered,2021-02-26,1e-06,1.000001,1e-06,25.434999465942383
gamestop mania may not have been the retail trader rebellion it was perceived to be,2021-02-26,1e-06,0.903001,0.097001,25.434999465942383
i just called gamestopinvestor relations and the voice box was full you beautiful bastards,2021-02-26,0.206001,0.582001,0.212001,25.434999465942383
i will own gamestop update mar 8 2021,2021-02-26,1e-06,1.000001,1e-06,25.434999465942383
spill the beans man teslaelon musk grills robinhood ceo on gamestop reddit trading saga thankpapa musk,2021-02-26,1e-06,1.000001,1e-06,25.434999465942383
the drop in gamestop short interest could be real or deceptive market manipulation breakdown of how this is possible,2021-02-26,0.129001,0.6870010000000001,0.185001,25.434999465942383
robinhood is facing nearly 50 lawsuits over gamestop frenzy,2021-02-26,1e-06,0.642001,0.35800099999999996,25.434999465942383
gamestop founder gary kusin said it was an honor retail investors targeted the companyjust grabbed some popcorn,2021-02-26,0.167001,0.833001,1e-06,25.434999465942383
next gamestop to top 10 of fortune 500,2021-02-26,0.205001,0.7950010000000001,1e-06,25.434999465942383
gamestop and wallstreetbets documentary in the works,2021-02-26,1e-06,1.000001,1e-06,25.434999465942383
gamestop chillin at 61 8 fibonacci retracement before heading higher,2021-02-26,1e-06,1.000001,1e-06,25.434999465942383
gamestop amc short sellers sit on nearly 1 billion loss,2021-02-26,1e-06,0.777001,0.223001,25.434999465942383
pretty sure you mean gamestop stock was reaching new heights but hedgies tried to get apes to paper hand by triggering stop losses,2021-02-26,0.28800099999999995,0.518001,0.194001,25.434999465942383
2021gamestop odyssey,2021-02-26,1e-06,1.000001,1e-06,25.434999465942383
they re trying to scare us but you can still buy gamestop at schwab webull cashapp and td ameritrade,2021-03-01,1e-06,0.896001,0.104001,30.100000381469727
paper handed boomers donwant the tendies the music never stops canstop wonstop gamestop,2021-03-01,0.107001,0.893001,1e-06,30.100000381469727
last month most traded stock in europe degiro was gamestop,2021-03-02,1e-06,1.000001,1e-06,29.545000076293945
gamestop forfeits over 587 000 shares from ceo for not meeting targets,2021-03-02,0.167001,0.833001,1e-06,29.545000076293945
unreal media manipulation traders who launched gamestop frenzy are turning against new members,2021-03-02,0.094001,0.625001,0.281001,29.545000076293945
if gamestop wanted to actually be worth what itgoing for,2021-03-02,0.174001,0.826001,1e-06,29.545000076293945
about 2 1 million gamestop shares failed to deliver on jan 26 before falling to 138 179 on jan 29 the day after robinhood and other brokerages began restricting trading in so called meme stocks,2021-03-02,0.057001,0.749001,0.194001,29.545000076293945
billionaire point72 hedge fund boss and mlb owner defiant after gamestop loss and says hetrying to makeliving,2021-03-02,1e-06,0.7810010000000001,0.219001,29.545000076293945
is this fake news wsj gamestop day traders are moving into spacs,2021-03-03,1e-06,0.780001,0.220001,31.045000076293945
new york times in gamestop saga robinhood is cast as the villain lawmakers atcongressional hearing kept coming back to the chief of the stock trading app with pointed questions andkey argument something very wrong happened here,2021-03-03,1e-06,0.777001,0.223001,31.045000076293945
gamestop sales top estimates first yoy growth increase in 3 years itjust the beginning of the transformation,2021-03-03,0.340001,0.6600010000000001,1e-06,31.045000076293945
gamestop short melvin capital lost 53 in january,2021-03-03,1e-06,0.753001,0.247001,31.045000076293945
gamestop was the most traded foreign stock in india this week,2021-03-04,1e-06,1.000001,1e-06,33.087501525878906
math professor scott steiner says the numbers spell disaster for gamestop shorts,2021-03-04,1e-06,0.728001,0.272001,33.087501525878906
for all you guys here that are riding the lightning with gamestop asnon investorwould like to say keep it uplove watching all of these wallstreeters squirm and make excuses itfucking glorious eat the rich,2021-03-04,0.249001,0.751001,1e-06,33.087501525878906
russian table tennis gamestop andstory never fully told,2021-03-04,1e-06,1.000001,1e-06,33.087501525878906
gamestop sold 3 5m sales for 551m too little number of shares for the shorts and the company is now inbetter shape than ever,2021-03-04,0.123001,0.877001,1e-06,33.087501525878906
is buying gs2c the german gamestop stock going to help,2021-03-04,0.231001,0.769001,1e-06,33.087501525878906
gamestop is now falling,2021-03-04,1e-06,0.652001,0.34800099999999995,33.087501525878906
robinhood raised 1 billion after halting gamestop purchases cnn,2021-03-05,1e-06,1.000001,1e-06,34.435001373291016
how do these boomers really think gamestop is equivalent to blockbuster and worth nothing,2021-03-08,0.326001,0.6740010000000001,1e-06,48.625
most of gamestopboard to step down,2021-03-08,1e-06,1.000001,1e-06,48.625
tuesday loss update down another 32k from yesterday fortotal of 65k and part 2 of 1 000 to local gamestop employees with cards this time,2021-03-08,1e-06,0.905001,0.095001,48.625
why gamestop is still undervalued today,2021-03-09,1e-06,1.000001,1e-06,61.72499847412109
warren presses robinhood chief on decision to halt gamestop purchases,2021-03-09,1e-06,1.000001,1e-06,61.72499847412109
gamestop 37k yolo,2021-03-09,0.512001,0.48800099999999996,1e-06,61.72499847412109
does hurting melvin benefit citadel 29 of gamestop trading volume mon thurs was handled by citadel this is the market that ken griffin and citadel securities have been waiting for,2021-03-09,0.149001,0.774001,0.077001,61.72499847412109
gamestop wonstop buying gamestoplike this stock,2021-03-09,1e-06,1.000001,1e-06,61.72499847412109
when you see gamestop price drop knowing someone has,2021-03-09,1e-06,0.7920010000000001,0.208001,61.72499847412109
guys gamestop should leverage their market cap and create the next major streaming platform for gamers serious,2021-03-09,0.114001,0.815001,0.071001,61.72499847412109
if you really want to makedifference screw over the oil companybuy buying clean energy gamestop resells games they for 90 more than what they bought it for in malls clean energy has been fighting oil companyand hedge funds when we re all in diapers,2021-03-10,0.215001,0.710001,0.075001,66.25
robinhood bans stock buying for gamestop and others media cronies smear,2021-03-10,1e-06,0.8000010000000001,0.200001,66.25
the wallstreetbets gamestop hype helped this guy save his dogs life update to my story,2021-03-10,0.186001,0.814001,1e-06,66.25
new gamestop ceo and cfo confirmed,2021-03-10,1e-06,1.000001,1e-06,66.25
the buying pressure on gamestop will accelerate this week here is why gme,2021-03-10,1e-06,0.845001,0.155001,66.25
canbuy gamestop nokia amc,2021-03-10,1e-06,1.000001,1e-06,66.25
whats interesting about gamestop is why it is happening,2021-03-10,0.252001,0.748001,1e-06,66.25
open letter to gamestop,2021-03-10,1e-06,1.000001,1e-06,66.25
bidensec nominee vows review of gamestop issues order flows if confirmed,2021-03-10,1e-06,1.000001,1e-06,66.25
mgm winklevoss twins to make movie about redditgamestop investors taking on wall street,2021-03-10,1e-06,1.000001,1e-06,66.25
finance mediagamestop meltdown and the thin moral pretexts of wall streetgame rigging,2021-03-10,1e-06,1.000001,1e-06,66.25
gamestop update 3 canstop wonstop gamestop,2021-03-10,1e-06,1.000001,1e-06,66.25
gamestop gme income statements in past 10 years in multi languages and comparison to other retail companies sharing it to the world to the moon,2021-03-10,0.104001,0.896001,1e-06,66.25
bill gross says hebetting against gamestop guys lets break 210 tomorrow and end this motherfucker once and for all,2021-03-10,1e-06,0.6640010000000001,0.336001,66.25
this is why gamestop wonstop and why 100k is notmeme reposted,2021-03-10,1e-06,1.000001,1e-06,66.25
gme gamestop releases 1q earning results,2021-03-10,1e-06,1.000001,1e-06,66.25
bloomberg gamestop short nightmare shows few signs of becomingcontagion,2021-03-10,1e-06,1.000001,1e-06,66.25
key quotes from the gamestop testimoniesam notcat,2021-03-10,1e-06,1.000001,1e-06,66.25
gamestop appoints chief technology officer ex amazon aws,2021-03-10,0.195001,0.8050010000000001,1e-06,66.25
illegal tactics and dtcc prime broker complicity in naked shorting retail shutdown of gee em eee read ahead of 2 18 gamestop congress hearing repost for visibility,2021-03-10,1e-06,0.874001,0.126001,66.25
sigh understanding gamestop ryan cohen customer service and the great long how to fight scale with precision and gamestop30b marketcap,2021-03-11,0.210001,0.6850010000000001,0.105001,65.0
why holding matters for gamestop,2021-03-11,0.216001,0.7840010000000001,1e-06,65.0
gamestop is over,2021-03-11,1e-06,1.000001,1e-06,65.0
help gamestop,2021-03-12,0.730001,0.270001,1e-06,66.125
i have createdpetition forclass action lawsuit against the brokerages that colluded and shut down when we were trying to buy gamestop,2021-03-12,1e-06,0.9090010000000001,0.091001,66.125
gamestop stock removed from robinhood trading app after reddit trolls staged financial revolution,2021-03-12,1e-06,1.000001,1e-06,66.125
ftx has listed tokenized gamestop gme this isc rypto exchange theres no circuit breaker halts theres no regulation theres no banning,2021-03-12,1e-06,0.732001,0.268001,66.125
odds are for suits gamestop strikes back,2021-03-12,1e-06,0.706001,0.29400099999999996,66.125
shit post meme letstartnew revolution against against against the gamestop traders and rival them as gnus traders brown vs orange like the gta green vs purple alien we beef on discord charb chan,2021-03-12,0.064001,0.773001,0.162001,66.125
heym new here just wanted to ask does the gamestop thing still goes on,2021-03-12,1e-06,1.000001,1e-06,66.125
mentions of gamestop on wsb alongside gme,2021-03-16,1e-06,1.000001,1e-06,52.04249954223633
how many of you remember gamestop in its limelight,2021-03-16,1e-06,1.000001,1e-06,52.04249954223633
why gamestopshares popped 12 7 today as gamestop tries to transform itself intodigital company hires like this will be key to making the new strategyreality there is progress withcommerce sales up 309 during the nine week holiday period ended jan 2 2021,2021-03-16,0.178001,0.822001,1e-06,52.04249954223633
robinhood lifts buy restrictions on gamestop amc as stocks tank,2021-03-16,1e-06,1.000001,1e-06,52.04249954223633
i like gamestop,2021-03-16,0.714001,0.28600099999999995,1e-06,52.04249954223633
canstop wonstop gamestop hold stock,2021-03-16,1e-06,1.000001,1e-06,52.04249954223633
the next step buy stuff from gamestop,2021-03-16,1e-06,1.000001,1e-06,52.04249954223633
real gofundme lets send 200 tons of nintendo switches from gamestop into outer space my wifebf says itimpossible comprehensive plan below,2021-03-17,0.091001,0.9090010000000001,1e-06,52.45249938964844
is the sec investigating gamestop because of foul play by short sellers,2021-03-17,0.179001,0.821001,1e-06,52.45249938964844
for those who needbreak from and and are looking to better understand the situation around gamestop,2021-03-17,0.162001,0.838001,1e-06,52.45249938964844
alexandria ocasio cortez calls robinhoodblock on trading gamestop other stocks unacceptable,2021-03-17,1e-06,0.769001,0.231001,52.45249938964844
the house meeting on gamestop is the most viewed video on their youtube channel,2021-03-17,1e-06,1.000001,1e-06,52.45249938964844
robinhood blocks purchase of gamestop amc and blackberry stock,2021-03-17,1e-06,0.8080010000000001,0.192001,52.45249938964844
gamestop price too low imo,2021-03-17,1e-06,0.6560010000000001,0.34400099999999995,52.45249938964844
which stock companies still allow you to buy shares in gamestop blackberry nokia etc,2021-03-18,0.255001,0.745001,1e-06,50.4375
eli5 why are you guys still holding gamestop,2021-03-18,1e-06,1.000001,1e-06,50.4375
gamestop saga prompts sec to weigh review of payment for order flow they never letcrisis go wasted,2021-03-18,0.141001,0.859001,1e-06,50.4375
if gamestop stabilizes here around 1x sales is this the beginning of multiple expansion like chewy,2021-03-18,0.143001,0.857001,1e-06,50.4375
white house says stock trading tax is worth studying after gamestop frenzy,2021-03-19,0.134001,0.704001,0.162001,50.067501068115234
stockpile app removed gamestop,2021-03-19,1e-06,1.000001,1e-06,50.067501068115234
gamification of online stock trading is notproblem gop senator says before gamestop hearing to the moon,2021-03-19,1e-06,1.000001,1e-06,50.067501068115234
is going to gamestop store and ordering console or games gonna help why arenwe doing this we can still register the game key with steam,2021-03-19,0.10100100000000001,0.899001,1e-06,50.067501068115234
welcome to the bank of gamestop,2021-03-19,0.375001,0.625001,1e-06,50.067501068115234
trading limitations placed on gamestop amc blackberry,2021-03-19,1e-06,1.000001,1e-06,50.067501068115234
lets make nok the next gamestop,2021-03-19,1e-06,1.000001,1e-06,50.067501068115234
america meet gamestop we re not fucking leaving for life,2021-03-22,1e-06,1.000001,1e-06,48.622501373291016
wall street bets gamestop and the end of capitalism,2021-03-22,1e-06,1.000001,1e-06,48.622501373291016
important there are only 5000 shares that need to be bought for gamestop to be 400 do not panic sell most of the asks are 400 and only the short attack is driving the price down,2021-03-23,0.160001,0.766001,0.074001,45.4375
gamestop we grew up with you we want you to bestrong company here are our ideas on how to do that,2021-03-23,0.061001,0.939001,1e-06,45.4375
the technicals behind gamestop gme 2 250 in sight,2021-03-24,1e-06,1.000001,1e-06,30.084999084472656
melvin capital surged 22 in february after gamestop disaster,2021-03-24,1e-06,0.6610010000000001,0.339001,30.084999084472656
usec chief plans to scrutinize short sellers rein in gamification following gamestop trading frenzy,2021-03-24,1e-06,0.850001,0.150001,30.084999084472656
the irony is maddening varney says gamestop is opportunity for anti capitalists,2021-03-24,0.160001,0.457001,0.383001,30.084999084472656
did stash pull out of gamestop,2021-03-24,1e-06,1.000001,1e-06,30.084999084472656
some gamestop store employees are getting investing questions and criticism from customers over the companyvolatile stock and they re in the dark about how to handle it,2021-03-24,1e-06,0.900001,0.100001,30.084999084472656
gamestop com products,2021-03-24,1e-06,1.000001,1e-06,30.084999084472656
im willing to die for gamestop,2021-03-25,1e-06,0.5620010000000001,0.438001,45.9375
so you re telling me gamestop is half off today thank you,2021-03-25,0.185001,0.815001,1e-06,45.9375
gamestop is done frombullish view,2021-03-25,1e-06,1.000001,1e-06,45.9375
probably the worst takeawayhave seen on the gamestop situation so far,2021-03-25,1e-06,0.709001,0.29100099999999995,45.9375
letalso help gme eps by purchasing some swag and games spend your tendies at gamestop the store make eps,2021-03-25,0.130001,0.870001,1e-06,45.9375
how doinvest in gamestopdonknow anything about stock markets,2021-03-26,1e-06,1.000001,1e-06,45.25
joined wallstreetbets after the first big gamestop spike and bought the dips on the way down for an average of 55 90 on gme and 6 88 on amc love you retards btwm holding,2021-03-26,0.116001,0.884001,1e-06,45.25
hedge fund broker who tookshort on gamestop,2021-03-30,1e-06,1.000001,1e-06,48.6150016784668
bb nokia and gamestop right nine,2021-03-31,1e-06,1.000001,1e-06,47.45500183105469
fidelity has no problem taking our gamestop buys they re the highest shareholders of gme making the most tendies of us all,2021-04-01,1e-06,0.8030010000000001,0.197001,47.86249923706055
friend of bbch uses gamestop earnings to give back,2021-04-05,0.28600099999999995,0.714001,1e-06,46.73749923706055
after delisting gamestop and amc robinhood has gotten over 100 000 1 star reviews in one hour on the app store now set with1 rating they deserve it,2021-04-05,1e-06,1.000001,1e-06,46.73749923706055
gamestop stock is holding up skeptics remain,2021-04-07,1e-06,0.8110010000000001,0.189001,44.49250030517578
gamestop gme hires newsuite and executive talents 2 3 21,2021-04-07,0.30000099999999996,0.700001,1e-06,44.49250030517578
aoc demands probe after robinhood app banned gamestop purchases,2021-04-06,1e-06,0.727001,0.273001,46.125
who really benefited from the gamestop bubble,2021-04-09,1e-06,1.000001,1e-06,39.59000015258789
gamestop institutional broker trades off the exchange upstairs,2021-04-09,1e-06,1.000001,1e-06,39.59000015258789
lfg gamestop wonstop 100k or bust,2021-04-13,1e-06,1.000001,1e-06,35.247501373291016
if you think the chaos caused with gamestop is good look into slv,2021-04-13,0.165001,0.625001,0.210001,35.247501373291016
i am sick and fucking tired of the gamestop retailer fud the us is not in some magical fucking digital age read on for some actual retarded fundamentals,2021-04-15,1e-06,0.652001,0.34800099999999995,39.11000061035156
review of gamestop trading issues by new nominee,2021-04-15,1e-06,1.000001,1e-06,39.11000061035156
sec doj 60 minutes public data suggests massive securities fraud in which hedge funds and institutions have created more gamestop shares than actually exist for delivery,2021-04-14,0.206001,0.6770010000000001,0.11700100000000001,41.63249969482422
one order pending for gamestop letgo,2021-04-14,1e-06,1.000001,1e-06,41.63249969482422
gamestop announces preliminary sales results for the first nine weeks of fiscal 2021 reflecting an approximately 11 increase compared to the prior year period,2021-04-14,0.091001,0.9090010000000001,1e-06,41.63249969482422
gamestop cup and handle,2021-04-19,1e-06,1.000001,1e-06,41.09249877929688
holy shit wtf jim cramer points to gamestop and amc asbuy,2021-04-28,1e-06,0.5490010000000001,0.451001,44.64500045776367
ivan milat an ex trader at scion capital michael burryfirm just said this on bloomberg oz the absolute fundamentals are there gamestop isgood stock hell ita great stock itnot something you should bet against especially at this price read that subreddit closely,2021-04-28,0.084001,0.821001,0.094001,44.64500045776367
robinhood lifts trading restrictions on gamestop amc stock,2021-04-27,1e-06,1.000001,1e-06,44.442501068115234
we were dangerously close to collapse of entire system says interactive brokers founder ahead of gamestop hearing,2021-04-27,1e-06,0.708001,0.29200099999999996,44.442501068115234
gamestop on air,2021-04-27,1e-06,1.000001,1e-06,44.442501068115234
attention gamestop careers anyone,2021-04-27,1e-06,1.000001,1e-06,44.442501068115234
why didngamestop issue more shares,2021-04-27,0.384001,0.616001,1e-06,44.442501068115234
gamestop earnings report announcement,2021-05-07,1e-06,1.000001,1e-06,40.27750015258789
in all honesty what market cap do you think gamestop belongs at,2021-05-07,0.225001,0.775001,1e-06,40.27750015258789
i hate gamestop buthate the hedge funds more whyhold,2021-05-07,1e-06,0.654001,0.34600099999999995,40.27750015258789
gamestopcfo is resigning as the company attemptstransformation led by activist investor ryan cohen,2021-05-06,1e-06,0.863001,0.137001,40.25249862670898
gamestopped which one of you beautiful bastards show up in this,2021-05-06,0.231001,0.5330010000000001,0.237001,40.25249862670898
since robinhood screwed us on gamestop whatnext anyone looking at igc,2021-05-06,1e-06,0.758001,0.242001,40.25249862670898
can gamestop stock advance continue after92 surge inweek however the value of shorts is still meaningful at around 3 billion partly explaining the rise in the stock,2021-05-14,0.164001,0.836001,1e-06,39.97999954223633
gamestop appoints chief technology officer more reason for those,2021-05-13,1e-06,1.000001,1e-06,41.125
thatit we are filling4 6 million member class action lawsuit they thought there gamestop losses were bad this trillion dollar settlement is going to destroy them,2021-05-18,1e-06,0.644001,0.35600099999999996,45.16749954223633
use this asplace to post the accounts we can buy gamestop stocks on still,2021-05-18,1e-06,1.000001,1e-06,45.16749954223633
